iter	RMSE
0	3.251423128
1	3.234301922
2	3.217651021
3	3.201047039
4	3.184786923
5	3.168704795
6	3.152803398
7	3.137245572
8	3.121905428
9	3.106859705
10	3.092131415
11	3.077373147
12	3.062756565
13	3.048585304
14	3.033545692
15	3.018629337
16	3.004003031
17	2.989436588
18	2.975039692
19	2.96087769
20	2.946941986
21	2.933148056
22	2.919660031
23	2.906394399
